{
    "metrics": {
        "vus_max": {
            "value": 15,
            "min": 15,
            "max": 15
        },
        "iterations": {
            "count": 150,
            "rate": 14.627132310437169
        },
        "checks": {
            "passes": 150,
            "fails": 0,
            "value": 1
        },
        "http_req_duration{expected_response:true}": {
            "p(90)": 14.8103,
            "p(95)": 16.902299999999997,
            "avg": 10.641834437086091,
            "min": 6.1526,
            "med": 9.6164,
            "max": 24.2238
        },
        "vus": {
            "value": 15,
            "min": 15,
            "max": 15
        },
        "http_req_sending": {
            "avg": 0.03632119205298013,
            "min": 0,
            "med": 0,
            "max": 2.3192,
            "p(90)": 0,
            "p(95)": 0
        },
        "http_req_duration": {
            "avg": 10.641834437086091,
            "min": 6.1526,
            "med": 9.6164,
            "max": 24.2238,
            "p(90)": 14.8103,
            "p(95)": 16.902299999999997,
            "thresholds": {
                "p(95)<800": false
            }
        },
        "http_reqs": {
            "count": 151,
            "rate": 14.724646525840082
        },
        "data_received": {
            "count": 1162886,
            "rate": 113397.91589303358
        },
        "http_req_connecting": {
            "min": 0,
            "med": 0,
            "max": 6.9395,
            "p(90)": 0.5493,
            "p(95)": 1.1729500000000002,
            "avg": 0.18534039735099336
        },
        "http_req_waiting": {
            "p(95)": 15.9072,
            "avg": 9.954554966887414,
            "min": 4.994,
            "med": 9.137,
            "max": 22.9974,
            "p(90)": 14.0473
        },
        "http_req_receiving": {
            "min": 0,
            "med": 0.5535,
            "max": 7.2472,
            "p(90)": 1.5095,
            "p(95)": 1.53655,
            "avg": 0.6509582781456955
        },
        "http_req_blocked": {
            "avg": 0.41867483443708614,
            "min": 0,
            "med": 0,
            "max": 30.7513,
            "p(90)": 0.5493,
            "p(95)": 1.613
        },
        "iteration_duration": {
            "p(95)": 1019.3739,
            "avg": 1012.3644280000004,
            "min": 1006.8671,
            "med": 1011.32905,
            "max": 1028.6239,
            "p(90)": 1017.59737
        },
        "http_req_failed": {
            "passes": 0,
            "fails": 151,
            "thresholds": {
                "rate<0.01": false
            },
            "value": 0
        },
        "http_req_tls_handshaking": {
            "max": 0,
            "p(90)": 0,
            "p(95)": 0,
            "avg": 0,
            "min": 0,
            "med": 0
        },
        "data_sent": {
            "count": 50027,
            "rate": 4878.343653961601
        }
    },
    "setup_data": {
        "headers": {
            "Authorization": "Bearer eyJ0eXAiOiJKV1QiLCJhbGciOiJIUzI1NiJ9.eyJzdWIiOiI0IiwiaXNzIjoiYXV0aDAiLCJleHAiOjE3NTg5ODA0NzAsImlhdCI6MTc1ODk3ODY3MH0.cVV8DNjCVBxbcqBXRgWrC7FXsj0yFnEoQrwKYenmg2U"
        },
        "token": "eyJ0eXAiOiJKV1QiLCJhbGciOiJIUzI1NiJ9.eyJzdWIiOiI0IiwiaXNzIjoiYXV0aDAiLCJleHAiOjE3NTg5ODA0NzAsImlhdCI6MTc1ODk3ODY3MH0.cVV8DNjCVBxbcqBXRgWrC7FXsj0yFnEoQrwKYenmg2U"
    },
    "root_group": {
        "name": "",
        "path": "",
        "id": "d41d8cd98f00b204e9800998ecf8427e",
        "groups": {},
        "checks": {
                "status is 200": {
                    "name": "status is 200",
                    "path": "::status is 200",
                    "id": "6210a8cd14cd70477eba5c5e4cb3fb5f",
                    "passes": 150,
                    "fails": 0
                }
            }
    }
}