{
  "state": {
    "isStdOutTTY": true,
    "isStdErrTTY": true,
    "testRunDurationMs": 30962.8443
  },
  "metrics": {
    "data_sent": {
      "type": "counter",
      "contains": "data",
      "values": {
        "count": 750071,
        "rate": 24224.873940279445
      }
    },
    "dropped_iterations": {
      "type": "counter",
      "contains": "default",
      "values": {
        "count": 3801,
        "rate": 122.76003984556418
      }
    },
    "rt_stage": {
      "contains": "time",
      "values": {
        "p(95)": 4969.348739999999,
        "avg": 2032.5332113233326,
        "min": 18.3061,
        "med": 1689.0883,
        "max": 8784.1329,
        "p(90)": 3990.21296
      },
      "type": "trend"
    },
    "iterations": {
      "contains": "default",
      "values": {
        "count": 2199,
        "rate": 71.0206071087597
      },
      "type": "counter"
    },
    "vus": {
      "type": "gauge",
      "contains": "default",
      "values": {
        "value": 150,
        "min": 108,
        "max": 150
      }
    },
    "http_req_duration": {
      "contains": "time",
      "values": {
        "avg": 2031.616315409095,
        "min": 15.3622,
        "med": 1688.9738,
        "max": 8784.1329,
        "p(90)": 3990.10533,
        "p(95)": 4969.094069999998
      },
      "thresholds": {
        "p(95)<800": {
          "ok": false
        }
      },
      "type": "trend"
    },
    "http_req_duration{expected_response:true}": {
      "type": "trend",
      "contains": "time",
      "values": {
        "avg": 2031.616315409095,
        "min": 15.3622,
        "med": 1688.9738,
        "max": 8784.1329,
        "p(90)": 3990.10533,
        "p(95)": 4969.094069999998
      }
    },
    "http_req_tls_handshaking": {
      "values": {
        "p(95)": 0,
        "avg": 0,
        "min": 0,
        "med": 0,
        "max": 0,
        "p(90)": 0
      },
      "type": "trend",
      "contains": "time"
    },
    "http_req_receiving": {
      "type": "trend",
      "contains": "time",
      "values": {
        "min": 0,
        "med": 7.812749999999999,
        "max": 1893.7096,
        "p(90)": 820.4548200000006,
        "p(95)": 1133.190364999999,
        "avg": 227.2722132272728
      }
    },
    "http_req_blocked": {
      "type": "trend",
      "contains": "time",
      "values": {
        "p(95)": 2.9475499999999952,
        "avg": 0.2787069545454546,
        "min": 0,
        "med": 0,
        "max": 39.1769,
        "p(90)": 0
      }
    },
    "http_req_failed": {
      "values": {
        "rate": 0,
        "passes": 0,
        "fails": 2200
      },
      "thresholds": {
        "rate<0.01": {
          "ok": true
        }
      },
      "type": "rate",
      "contains": "default"
    },
    "data_received": {
      "type": "counter",
      "contains": "data",
      "values": {
        "count": 6052730,
        "rate": 195483.65587330746
      }
    },
    "http_req_waiting": {
      "type": "trend",
      "contains": "time",
      "values": {
        "avg": 1804.3411939090913,
        "min": 15.0554,
        "med": 1531.934,
        "max": 8784.1329,
        "p(90)": 3778.9590500000013,
        "p(95)": 4289.588949999998
      }
    },
    "iteration_duration": {
      "contains": "time",
      "values": {
        "avg": 2032.88366057299,
        "min": 19.671,
        "med": 1691.8012,
        "max": 8784.2011,
        "p(90)": 3990.2568,
        "p(95)": 4969.348739999999
      },
      "type": "trend"
    },
    "checks": {
      "values": {
        "rate": 1,
        "passes": 2199,
        "fails": 0
      },
      "type": "rate",
      "contains": "default"
    },
    "http_reqs": {
      "type": "counter",
      "contains": "default",
      "values": {
        "count": 2200,
        "rate": 71.0529038832521
      }
    },
    "http_req_sending": {
      "type": "trend",
      "contains": "time",
      "values": {
        "med": 0,
        "max": 1.5088,
        "p(90)": 0,
        "p(95)": 0,
        "avg": 0.0029082727272727272,
        "min": 0
      }
    },
    "http_req_connecting": {
      "type": "trend",
      "contains": "time",
      "values": {
        "max": 39.1769,
        "p(90)": 0,
        "p(95)": 2.938434999999998,
        "avg": 0.2782453636363636,
        "min": 0,
        "med": 0
      }
    },
    "vus_max": {
      "type": "gauge",
      "contains": "default",
      "values": {
        "value": 150,
        "min": 109,
        "max": 150
      }
    }
  },
  "setup_data": {
    "redacted": true
  },
  "root_group": {
    "groups": [],
    "checks": [
        {
          "id": "6210a8cd14cd70477eba5c5e4cb3fb5f",
          "passes": 2199,
          "fails": 0,
          "name": "status is 200",
          "path": "::status is 200"
        }
      ],
    "name": "",
    "path": "",
    "id": "d41d8cd98f00b204e9800998ecf8427e"
  },
  "options": {
    "summaryTrendStats": [
      "avg",
      "min",
      "med",
      "max",
      "p(90)",
      "p(95)"
    ],
    "summaryTimeUnit": "",
    "noColor": false
  }
}